seed,attack,poison_rate,model,n_poisoned,accuracy,spam_precision,spam_recall,spam_f1
0,clean,0.0,Logistic Regression,0,0.9315960912052117,0.9166666666666666,0.9090909090909091,0.9128630705394191
0,clean,0.0,Decision Tree,0,0.9239956568946797,0.9173789173789174,0.8870523415977961,0.9019607843137255
0,clean,0.0,Random Forest,0,0.9522258414766558,0.9544159544159544,0.9228650137741047,0.938375350140056
0,random,0.01,Logistic Regression,37,0.9337676438653637,0.9265536723163842,0.9035812672176309,0.9149232914923291
0,random,0.01,Decision Tree,37,0.9098805646036916,0.9069767441860465,0.859504132231405,0.8826025459688827
0,random,0.01,Random Forest,37,0.9533116178067318,0.9545454545454546,0.9256198347107438,0.9398601398601398
0,random,0.05,Logistic Regression,184,0.9239956568946797,0.9197707736389685,0.8842975206611571,0.901685393258427
0,random,0.05,Decision Tree,184,0.9131378935939196,0.9327217125382263,0.8402203856749312,0.8840579710144928
0,random,0.05,Random Forest,184,0.9511400651465798,0.9491525423728814,0.9256198347107438,0.9372384937238494
0,random,0.1,Logistic Regression,368,0.9174809989142236,0.9111747851002865,0.8760330578512396,0.8932584269662921
0,random,0.1,Decision Tree,368,0.9109663409337676,0.8980169971671388,0.8732782369146006,0.8854748603351955
0,random,0.1,Random Forest,368,0.9511400651465798,0.9466292134831461,0.928374655647383,0.9374130737134909
0,random,0.2,Logistic Regression,736,0.9033659066232356,0.9053254437869822,0.8429752066115702,0.8730385164051355
0,random,0.2,Decision Tree,736,0.8621064060803475,0.8450292397660819,0.7961432506887053,0.8198581560283688
0,random,0.2,Random Forest,736,0.9283387622149837,0.9304347826086956,0.8842975206611571,0.9067796610169492
0,targeted,0.01,Logistic Regression,37,0.9272529858849077,0.9157303370786517,0.8980716253443526,0.9068150208623088
0,targeted,0.01,Decision Tree,37,0.9131378935939196,0.9031339031339032,0.8732782369146006,0.8879551820728291
0,targeted,0.01,Random Forest,37,0.9533116178067318,0.9571428571428572,0.9228650137741047,0.9396914446002805
0,targeted,0.05,Logistic Regression,184,0.9163952225841476,0.9281437125748503,0.8539944903581267,0.8895265423242468
0,targeted,0.05,Decision Tree,184,0.9066232356134636,0.899135446685879,0.859504132231405,0.8788732394366198
0,targeted,0.05,Random Forest,184,0.9424538545059717,0.9640718562874252,0.8870523415977961,0.9239598278335724
0,targeted,0.1,Logistic Regression,368,0.8599348534201955,0.9301470588235294,0.696969696969697,0.7968503937007874
0,targeted,0.1,Decision Tree,368,0.8816503800217155,0.9261744966442953,0.7603305785123967,0.8350983358547656
0,targeted,0.1,Random Forest,368,0.9055374592833876,0.9791666666666666,0.7768595041322314,0.8663594470046083
0,targeted,0.2,Logistic Regression,736,0.6677524429967426,0.9130434782608695,0.17355371900826447,0.2916666666666667
0,targeted,0.2,Decision Tree,736,0.8121606948968513,0.9318181818181818,0.5647382920110193,0.7032590051457976
0,targeted,0.2,Random Forest,736,0.7296416938110749,0.9830508474576272,0.31955922865013775,0.48232848232848236
1,clean,0.0,Logistic Regression,0,0.9348534201954397,0.9365994236311239,0.8953168044077136,0.9154929577464789
1,clean,0.0,Decision Tree,0,0.9207383279044516,0.9119318181818182,0.8842975206611571,0.8979020979020979
1,clean,0.0,Random Forest,0,0.9489685124864278,0.9593023255813954,0.9090909090909091,0.9335219236209336
1,random,0.01,Logistic Regression,37,0.9337676438653637,0.9415204678362573,0.8870523415977961,0.9134751773049645
1,random,0.01,Decision Tree,37,0.9283387622149837,0.9486404833836858,0.8650137741046832,0.9048991354466859
1,random,0.01,Random Forest,37,0.9446254071661238,0.956140350877193,0.9008264462809917,0.9276595744680851
1,random,0.05,Logistic Regression,184,0.9196525515743756,0.9237536656891495,0.8677685950413223,0.8948863636363636
1,random,0.05,Decision Tree,184,0.9109663409337676,0.8980169971671388,0.8732782369146006,0.8854748603351955
1,random,0.05,Random Forest,184,0.9457111834961998,0.9484240687679083,0.9118457300275482,0.9297752808988764
1,random,0.1,Logistic Regression,368,0.9055374592833876,0.9259259259259259,0.8264462809917356,0.8733624454148472
1,random,0.1,Decision Tree,368,0.9087947882736156,0.8951841359773371,0.8705234159779615,0.88268156424581
1,random,0.1,Random Forest,368,0.9370249728555917,0.9394812680115274,0.8980716253443526,0.9183098591549296
1,random,0.2,Logistic Regression,736,0.8827361563517915,0.8899082568807339,0.8016528925619835,0.8434782608695652
1,random,0.2,Decision Tree,736,0.8794788273615635,0.8987341772151899,0.7823691460055097,0.8365243004418262
1,random,0.2,Random Forest,736,0.9218241042345277,0.9098591549295775,0.8898071625344353,0.8997214484679665
1,targeted,0.01,Logistic Regression,37,0.9315960912052117,0.936046511627907,0.8870523415977961,0.9108910891089109
1,targeted,0.01,Decision Tree,37,0.9229098805646037,0.9171428571428571,0.8842975206611571,0.9004207573632539
1,targeted,0.01,Random Forest,37,0.9478827361563518,0.9646017699115044,0.9008264462809917,0.9316239316239316
1,targeted,0.05,Logistic Regression,184,0.9185667752442996,0.9444444444444444,0.8429752066115702,0.8908296943231441
1,targeted,0.05,Decision Tree,184,0.8968512486427795,0.9135802469135802,0.8154269972451791,0.8617176128093159
1,targeted,0.05,Random Forest,184,0.9370249728555917,0.9750778816199377,0.8622589531680441,0.9152046783625731
1,targeted,0.1,Logistic Regression,368,0.8653637350705755,0.9578544061302682,0.6887052341597796,0.8012820512820513
1,targeted,0.1,Decision Tree,368,0.8990228013029316,0.9272151898734177,0.8071625344352618,0.8630338733431517
1,targeted,0.1,Random Forest,368,0.8968512486427795,0.971830985915493,0.7603305785123967,0.8531684698608965
1,targeted,0.2,Logistic Regression,736,0.6862106406080347,0.9512195121951219,0.21487603305785125,0.350561797752809
1,targeted,0.2,Decision Tree,736,0.7676438653637351,0.9745222929936306,0.4214876033057851,0.5884615384615385
1,targeted,0.2,Random Forest,736,0.7057546145494028,0.9791666666666666,0.25895316804407714,0.4095860566448802
2,clean,0.0,Logistic Regression,0,0.9272529858849077,0.9252873563218391,0.8870523415977961,0.9057665260196905
2,clean,0.0,Decision Tree,0,0.9250814332247557,0.92,0.8870523415977961,0.9032258064516129
2,clean,0.0,Random Forest,0,0.9511400651465798,0.9649122807017544,0.9090909090909091,0.9361702127659575
2,random,0.01,Logistic Regression,37,0.9250814332247557,0.9224137931034483,0.8842975206611571,0.9029535864978903
2,random,0.01,Decision Tree,37,0.9185667752442996,0.9235294117647059,0.8650137741046832,0.8933143669985776
2,random,0.01,Random Forest,37,0.9478827361563518,0.9591836734693877,0.90633608815427,0.9320113314447592
2,random,0.05,Logistic Regression,184,0.9131378935939196,0.9077809798270894,0.8677685950413223,0.8873239436619719
2,random,0.05,Decision Tree,184,0.9033659066232356,0.9228395061728395,0.8236914600550964,0.8704512372634643
2,random,0.05,Random Forest,184,0.9467969598262758,0.9563953488372093,0.90633608815427,0.9306930693069307
2,random,0.1,Logistic Regression,368,0.9055374592833876,0.9058823529411765,0.8484848484848485,0.8762446657183499
2,random,0.1,Decision Tree,368,0.9011943539630836,0.9197530864197531,0.8209366391184573,0.8675400291120815
2,random,0.1,Random Forest,368,0.9424538545059717,0.9479768786127167,0.9035812672176309,0.92524682651622
2,random,0.2,Logistic Regression,736,0.8903365906623235,0.899390243902439,0.8126721763085399,0.85383502170767
2,random,0.2,Decision Tree,736,0.8686210640608035,0.8379888268156425,0.8264462809917356,0.8321775312066574
2,random,0.2,Random Forest,736,0.9153094462540716,0.9228486646884273,0.8567493112947658,0.8885714285714286
2,targeted,0.01,Logistic Regression,37,0.9261672095548317,0.9325513196480938,0.8760330578512396,0.9034090909090909
2,targeted,0.01,Decision Tree,37,0.9055374592833876,0.8988439306358381,0.8567493112947658,0.8772919605077574
2,targeted,0.01,Random Forest,37,0.9457111834961998,0.9616519174041298,0.8980716253443526,0.9287749287749287
2,targeted,0.05,Logistic Regression,184,0.9011943539630836,0.9415584415584416,0.7988980716253443,0.8643815201192251
2,targeted,0.05,Decision Tree,184,0.8957654723127035,0.9238095238095239,0.8016528925619835,0.8584070796460177
2,targeted,0.05,Random Forest,184,0.9424538545059717,0.9874213836477987,0.8650137741046832,0.922173274596182
2,targeted,0.1,Logistic Regression,368,0.8447339847991314,0.9508196721311475,0.6391184573002755,0.7644151565074135
2,targeted,0.1,Decision Tree,368,0.8935939196525515,0.9553264604810997,0.7658402203856749,0.8501529051987767
2,targeted,0.1,Random Forest,368,0.9044516829533116,0.9858657243816255,0.768595041322314,0.8637770897832817
2,targeted,0.2,Logistic Regression,736,0.6764386536373507,0.9452054794520548,0.19008264462809918,0.3165137614678899
2,targeted,0.2,Decision Tree,736,0.8143322475570033,0.9705882352941176,0.5454545454545454,0.6984126984126984
2,targeted,0.2,Random Forest,736,0.7361563517915309,0.9918032786885246,0.3333333333333333,0.49896907216494846
